{"ring_2":{"x":0,"y":160,"enabled":false,"halign":"LEFT","valign":"TOP"},"feet":{"x":0,"y":40,"enabled":false,"halign":"LEFT","valign":"TOP"},"hands":{"x":0,"y":80,"enabled":false,"halign":"LEFT","valign":"TOP"},"ring":{"x":0,"y":140,"enabled":false,"halign":"LEFT","valign":"TOP"},"belt":{"x":0,"y":180,"enabled":false,"halign":"LEFT","valign":"TOP"},"charm_2":{"x":0,"y":320,"enabled":false,"halign":"LEFT","valign":"TOP"},"back":{"x":0,"y":200,"enabled":false,"halign":"LEFT","valign":"TOP"},"accessories:head":{"x":0,"y":160,"enabled":false,"halign":"LEFT","valign":"TOP"},"necklace":{"x":0,"y":220,"enabled":false,"halign":"LEFT","valign":"TOP"},"bracelet":{"x":0,"y":240,"enabled":false,"halign":"LEFT","valign":"TOP"},"body":{"x":0,"y":280,"enabled":false,"halign":"LEFT","valign":"TOP"},"accessories:legs":{"x":0,"y":240,"enabled":false,"halign":"LEFT","valign":"TOP"},"accessories:chest":{"x":0,"y":260,"enabled":false,"halign":"LEFT","valign":"TOP"},"head":{"x":0,"y":20,"enabled":false,"halign":"LEFT","valign":"TOP"},"face":{"x":0,"y":60,"enabled":false,"halign":"LEFT","valign":"TOP"},"charm":{"x":0,"y":120,"enabled":false,"halign":"LEFT","valign":"TOP"},"accessories:feet":{"x":0,"y":340,"enabled":false,"halign":"LEFT","valign":"TOP"},"anklet":{"x":0,"y":260,"enabled":false,"halign":"LEFT","valign":"TOP"},"hands_2":{"x":0,"y":100,"enabled":false,"halign":"LEFT","valign":"TOP"},"accessories:animal_body":{"x":0,"y":380,"enabled":false,"halign":"LEFT","valign":"TOP"},"aether:ring_slot_2":{"x":0,"y":360,"enabled":false,"halign":"LEFT","valign":"TOP"},"aether:accessory_slot":{"x":0,"y":140,"enabled":false,"halign":"LEFT","valign":"TOP"},"aether:shield_slot":{"x":0,"y":380,"enabled":false,"halign":"LEFT","valign":"TOP"},"aether:cape_slot":{"x":0,"y":500,"enabled":false,"halign":"LEFT","valign":"TOP"},"aether:accessory_slot_2":{"x":0,"y":160,"enabled":false,"halign":"LEFT","valign":"TOP"},"aether:pendant_slot":{"x":0,"y":300,"enabled":false,"halign":"LEFT","valign":"TOP"},"aether:ring_slot":{"x":0,"y":340,"enabled":false,"halign":"LEFT","valign":"TOP"},"aether:gloves_slot":{"x":0,"y":460,"enabled":false,"halign":"LEFT","valign":"TOP"},"curio":{"x":0,"y":200,"enabled":false,"halign":"LEFT","valign":"TOP"}}