{
  "schema_version": 2,
  "failed_reloads_per_session": 5,
  "default_packs": [
    "vanilla",
    "mod_resources",
    "moonlight:mods_dynamic_assets",
    "file/Stay_True_1.21.zip",
    "file/MandalasGUI+Dakmode_1.20.5.zip",
    "file/Mandala's GUI - Dark Mode Compat 0.3.zip",
    "file/MandalasGUI_AddOn+Modded+Darkmode_1.20.4.zip",
    "file/Mandela's GUI Vanilla Crosshair 1.21.zip",
    "file/Re-Simple-Storage.zip",
    "file/Icon Xaero's 1.2 HF.zip",
    "file/waystones_1.21.1.zip",
    "file/Better_MC.zip",
    "file/NoBushyLeaves.zip"
  ],
  "default_overrides": {
    "force_compatible": true
  },
  "pack_overrides": {
    "ffile/WDA-NoFlyingStructures-1.18.2-1.19.2.zip": {
      "hidden": true 
    },
    "file/WhenDungeonsArise-LootTweaks-1.21.1-2.1.64.zip": {
      "hidden": true
    },
    "file/Repurposed_Structures-Friends_And_Foes_v3.zip": {
      "hidden": true
    },
    "Scarecrow_Obliterator.zip": {
      "hidden": true
    },
    "BetterEndCities-Vanilla-1.21.zip": {
      "hidden": true
    },
    "fabric": {
      "hidden": true
    },
    "builtin/DAGoldenSwetBallFixClient": {
      "hidden": true
    },
    "file/Repurposed_Structures-Bountiful_v2.zip": {
      "hidden": true
    },
    "file/backpacked_recipe_fix_datapack.zip": {
      "hidden": true
    },
    "file/Soul_stone_recipe_bygonenether_datapack.zip": {
      "hidden": true
    },
    "file/Quark x FD Bark Cutting Compat.zip": {
      "hidden": true
    },
    "file/BoP x FD Bark Cutting Compat.zip": {
      "hidden": true
    },
    "file/BetterEndCities-Vanilla.zip": {
      "hidden": true
    },
    "file/ichphilipp-s-endcity-vanilla-v1-1-1-18-1-e640.zip": {
      "hidden": true
    },
    "file/LessStructures-SpacingTweaks-1.20.1-2.1.56.zip": {
      "hidden": true
    },
    "file/Repurposed_Structures-Bountiful_v3.zip": {
      "hidden": true
    },
    "file/Repurposed_Structures-VillagersPlus_v3.zip": {
      "hidden": true
    },  
    "defaultresources": {
      "hidden": true
    },
    "dynamic_asset_generator:dynamic_asset_generator:builtin_assets": {
      "hidden": true
    },
    "dynamic_asset_generator:excavated_variants:assets": {
      "hidden": true
    },
    "Moonlight Mods Dynamic Assets": {
      "hidden": true
    },
    "file/Repurposed_Structures-Better_Dungeons_v5.zip": {
      "hidden": true
    },
    "file/Repurposed_Structures-Better_Strongholds_v5.zip": {
      "hidden": true
    },
    "file/Repurposed_Structures-Better_Witch_Huts_v4.zip": {
      "hidden": true
    },
    "file/Repurposed_Structures-Bygone_Nether_v2.zip": {
      "hidden": true
    },
    "file/Repurposed_Structures-Farmers_Delight_v6.zip": {
      "hidden": true
    },
    "file/Repurposed_Structures-Friends_And_Foes_v5.zip": {
      "hidden": true
    },
    "Soul_stone_recipe_bygonenether_datapack.zip": {
      "hidden": true
    },
    "builtin/deep_aether_additional_assets": {
      "hidden": true
    },
    "file/BetterEndCities-Vanilla-1.21.zip": {
      "hidden": true
    },
    "builtin/aether_tips": {
      "hidden": true
    },
    "file/Scarecrow_Obliterator.zip": {
      "hidden": true
    },
    "twilightdelight:shader_compatible_fiery": {
      "hidden": true
    },
    "programmer_art": {
      "hidden": true
    },
    "high_contrast": {
      "hidden": true
    },
    "file/WDA-NoFlyingStructures-1.18.2-1.19.2.zip": {
      "hidden": true
    }
  }
}